name,lat,lon,pincode,aliases
Bellandur Ecospace,12.9260,77.6830,560103,Ecospace|ಬೆಳ್ಳಂದೂರು ಇಕೋಸ್ಪೇಸ್|Bellandur Eco Space|RMZ Ecospace|Ecospace Business Park
Central Mall Bellandur,12.9280,77.6810,560103,Central Mall|ಬೆಳ್ಳಂದೂರು ಸೆಂಟ್ರಲ್ ಮಾಲ್|Bellandur Central|Bangalore Central Bellandur
Marathahalli,12.9560,77.7010,560037,ಮರಾಠಹಳ್ಳಿ|Marathalli|Marathahalli Bridge|Marathahalli Junction
Bellandur Lake,12.9350,77.6740,560103,Bellandur lake bund|ಬೆಳ್ಳಂದೂರು ಕೆರೆ|Bellandur Kere|Lake Bund Bellandur
Kadubeesanahalli,12.9380,77.6960,560103,ಕಾಡುಬೀಸನಹಳ್ಳಿ|Kadubeesanahalli underpass|Kadubeesanahalli Bridge
Iblur Junction,12.9240,77.6690,560102,ಇಬ್ಲೂರು|Iblur junction|Iblur lake|Iblur flyover
Sarjapur Road,12.9180,77.6700,560102,ಸರ್ಜಾಪುರ ರಸ್ತೆ|Sarjapur ORR junction|Sarjapur Road Junction
Outer Ring Road Bellandur,12.9270,77.6820,560103,ORR Bellandur|ರಿಂಗ್ ರೋಡ್|ORR service lane|Outer Ring Road
HSR Layout,12.9120,77.6440,560102,ಹೆಚ್ ಎಸ್ ಆರ್ ಲೇಔಟ್|HSR|HSR Layout Sector 1|HSR Sector 2
Silk Board,12.9170,77.6230,560068,ಸಿಲ್ಕ್ ಬೋರ್ಡ್|Central Silk Board|Silk Board Junction
Koramangala,12.9350,77.6240,560034,ಕೋರಮಂಗಲ|Koramangala 4th Block|Koramangala Sony World
Whitefield,12.9690,77.7500,560066,ವೈಟ್‌ಫೀಲ್ಡ್|ITPL Whitefield|Whitefield Main Road
Indiranagar,12.9780,77.6400,560038,ಇಂದಿರಾನಗರ|100 Feet Road Indiranagar|Indiranagar Metro
Hebbal,13.0350,77.5970,560024,ಹೆಬ್ಬಾಳ|Hebbal Flyover|Hebbal Lake
Electronic City,12.8450,77.6600,560100,ಎಲೆಕ್ಟ್ರಾನಿಕ್ ಸಿಟಿ|Electronic City Phase 1|E-City
MG Road,12.9756,77.6066,560001,ಎಂ ಜಿ ರಸ್ತೆ|MG Road Metro|Mahatma Gandhi Road
